territory_id,month,actual,Prophet,ClippedEqualBlend,OnlineHorizonBlend,alarm
683,1,17717.0,21541.20448338184,22173.687723155494,22173.687723155494,0
683,2,20870.0,20580.824225429384,18889.671662788096,18371.190762934897,0
683,3,23261.0,20794.37116544916,21318.707958491,21776.827723285445,0
683,4,22183.0,21589.784105784907,22059.29403072753,21414.66002619343,0
683,5,21921.0,21933.7377018806,22314.47270025792,22433.72433653925,0
683,6,22384.0,22134.864384919903,22028.14493257848,22071.91850013392,0
683,7,22516.0,22400.90379907262,22750.008116727684,23046.36929838235,0
683,8,22352.0,22636.910823225204,22614.99354042109,22670.3656764314,0
683,9,20444.0,22790.27325814464,21970.081110793875,21549.19664390425,0
683,10,21534.0,22557.1411267186,21237.25741302087,21326.13445046887,0
683,11,21483.0,22544.894912103315,21939.54764522282,22008.743346227253,0
683,12,27144.0,22526.044901632617,22957.548579024704,24084.41552417187,0
2145,1,23233.0,28553.8957674214,27995.43408815887,27995.43408815887,0
2145,2,28049.0,27175.196397130083,24695.840193301046,23679.32418277305,0
2145,3,29982.0,27506.918493300305,28424.9337294959,28958.224437144003,0
2145,4,30964.0,28284.00992287674,28603.49566683831,27790.988026051047,0
2145,5,29452.0,29132.185011298054,30748.04947775394,30820.813972002503,0
2145,6,32130.0,29442.13245344485,29617.40143545993,29747.664943706564,0
2145,7,33246.0,30304.17208640141,32175.682409921068,32602.08471154523,0
2145,8,30911.0,31208.25973882181,32847.8310686677,32955.61913953879,0
2145,9,29679.0,31479.59462355101,30499.5804211459,30024.249718873405,0
2145,10,28992.0,31483.652589621903,30481.105422805776,30681.65998240425,0
2145,11,30527.0,31321.363588107888,29856.0517715116,29945.22246974951,0
2145,12,41888.0,31475.963956793817,32369.72566972936,33896.130020527446,1
1879,1,26842.0,31839.685381001545,31617.310012133705,31617.310012133705,0
1879,2,28837.0,30920.20710842971,28516.258250833995,27786.567644072275,0
1879,3,32849.0,30820.50073015184,30063.742486551604,30632.343611096083,0
1879,4,32411.0,31780.259956779133,31560.997566432277,30629.24181393817,0
1879,5,31695.0,32419.83521494,32714.29214441038,32919.40935170177,0
1879,6,32608.0,32732.44201148777,32110.845421911527,32242.49760942795,0
1879,7,32986.0,33181.001062772426,33317.19720404654,33776.35172500253,0
1879,8,34292.0,33627.69704656648,33381.34669180864,33568.650184610255,0
1879,9,31781.0,34223.71488605581,33564.04389839504,32967.2990400682,0
1879,10,32954.0,34245.257014942326,32862.32605743917,33122.23310989757,0
1879,11,33325.0,34449.63344912221,33691.339059190104,33930.72694411606,0
1879,12,39242.0,34695.30579995474,35665.12386922361,37548.479138462295,0
