period,method,horizon,native_macro_MAE,macro_scaled_MAE,bias,pairs,series,territories,origins,category
All2024,ClippedEqualBlend,1,1580.06548971334,0.06088553669820025,-135.19298449193138,1491,125,125,12,Все категории
All2024,ClippedEqualBlend,3,1994.4433802274768,0.07574668089842596,-894.6938173941018,1241,125,125,10,Все категории
All2024,ClippedEqualBlend,6,2307.291931314012,0.08581391868241066,-1660.5429427551608,870,125,125,7,Все категории
All2024,EqualBlend,1,1580.0654897133397,0.06088553669820025,-135.19298449193144,1491,125,125,12,Все категории
All2024,EqualBlend,3,1994.4433802274768,0.07574668089842594,-894.6938173941015,1241,125,125,10,Все категории
All2024,EqualBlend,6,2307.291931314012,0.08581391868241067,-1660.5429427551608,870,125,125,7,Все категории
All2024,LastValue,1,2329.253333333333,0.08821446015894821,-405.15627095908786,1491,125,125,12,Все категории
All2024,LastValue,3,2583.7463999999995,0.09676310245384358,-1457.791297340854,1241,125,125,10,Все категории
All2024,LastValue,6,3332.262285714287,0.1222911361529482,-2427.132183908046,870,125,125,7,Все категории
All2024,OnlineHorizonBlend,1,1460.803665329835,0.05634970701785811,3.2814677779525567,1491,125,125,12,Все категории
All2024,OnlineHorizonBlend,3,1942.4444233313643,0.07357566534939705,-605.2171525299407,1241,125,125,10,Все категории
All2024,OnlineHorizonBlend,6,2209.705277543579,0.08202028247889627,-1524.5615551743383,870,125,125,7,Все категории
All2024,Prophet,1,1858.6183855880208,0.0697786981055679,71.64670072876152,1491,125,125,12,Все категории
All2024,Prophet,3,1766.305057728935,0.06785269832670918,-356.53708149729744,1241,125,125,10,Все категории
All2024,Prophet,6,2205.836804168789,0.08282146118024514,-355.57971601771857,870,125,125,7,Все категории
All2024,ProphetYearly,1,2394.9790648124094,0.09046994739021497,530.929545614885,1491,125,125,12,Все категории
All2024,ProphetYearly,3,2508.877083617892,0.0963931274758536,527.9201432719002,1241,125,125,10,Все категории
All2024,ProphetYearly,6,3318.4642868590236,0.12498287615219539,679.0831575161942,870,125,125,7,Все категории
All2024,SharedSeasonal,1,1331.8741434371223,0.05157721297986119,-72.0693832454679,1491,125,125,12,Все категории
All2024,SharedSeasonal,3,2181.6987639809995,0.08157337896837565,-869.7530733441531,1241,125,125,10,Все категории
All2024,SharedSeasonal,6,3085.8027670265064,0.11216711035688005,-2198.916928339718,870,125,125,7,Все категории
JanJun,ClippedEqualBlend,1,1735.0957704796726,0.06629877329194658,146.63842560621205,747,125,125,6,Все категории
JanJun,ClippedEqualBlend,3,2241.1641120546033,0.0839259318143991,-1460.748837906657,497,125,125,4,Все категории
JanJun,ClippedEqualBlend,6,1659.4908203848122,0.06073568581603715,586.8260359627391,124,124,124,1,Все категории
JanJun,EqualBlend,1,1735.0957704796726,0.06629877329194658,146.63842560621202,747,125,125,6,Все категории
JanJun,EqualBlend,3,2241.1641120546033,0.08392593181439909,-1460.748837906657,497,125,125,4,Все категории
JanJun,EqualBlend,6,1659.4908203848122,0.06073568581603715,586.8260359627393,124,124,124,1,Все категории
JanJun,LastValue,1,2559.178666666667,0.09645656834351181,234.04283801874163,747,125,125,6,Все категории
JanJun,LastValue,3,2662.33,0.09901246822909858,-1586.0543259557344,497,125,125,4,Все категории
JanJun,LastValue,6,1778.225806451613,0.06804779105628225,1366.9354838709678,124,124,124,1,Все категории
JanJun,OnlineHorizonBlend,1,1859.5708602577392,0.07059998136341243,42.27052160619538,747,125,125,6,Все категории
JanJun,OnlineHorizonBlend,3,2139.0300846800665,0.08052094779063093,-1267.352023527115,497,125,125,4,Все категории
JanJun,OnlineHorizonBlend,6,1659.4908203848113,0.060735685816037124,586.8260359627365,124,124,124,1,Все категории
JanJun,Prophet,1,1821.5850114872258,0.06800901209018784,469.4390842669121,747,125,125,6,Все категории
JanJun,Prophet,3,1320.8795033318631,0.053087433793119344,-537.3788780513437,497,125,125,4,Все категории
JanJun,Prophet,6,2317.886170511477,0.0798606718239486,1201.926230375034,124,124,124,1,Все категории
JanJun,ProphetYearly,1,2869.060131567549,0.108796506071192,1698.421425567961,747,125,125,6,Все категории
JanJun,ProphetYearly,3,3161.9645510161267,0.12289681528240026,2135.0372429313893,497,125,125,4,Все категории
JanJun,ProphetYearly,6,9413.587465422124,0.34864262919763656,9413.587465422124,124,124,124,1,Все категории
JanJun,SharedSeasonal,1,1636.9852953972077,0.06249801563447782,-263.56664546701774,747,125,125,6,Все категории
JanJun,SharedSeasonal,3,3287.844836270487,0.11993003703307621,-2258.813309712893,497,125,125,4,Все категории
JanJun,SharedSeasonal,6,1706.0584919543285,0.06613857850703317,-808.3836063577854,124,124,124,1,Все категории
JulDec,ClippedEqualBlend,1,1418.7709931879779,0.055056290471278004,-418.1608115662771,744,124,124,6,Все категории
JulDec,ClippedEqualBlend,3,1806.1961528901986,0.06898756505808264,-516.5629770785908,744,124,124,6,Все категории
JulDec,ClippedEqualBlend,6,2413.172496366572,0.08986557868717601,-2034.100252890576,746,125,125,6,Все категории
JulDec,EqualBlend,1,1418.7709931879776,0.055056290471278004,-418.16081156627706,744,124,124,6,Все категории
JulDec,EqualBlend,3,1806.1961528901984,0.06898756505808262,-516.5629770785907,744,124,124,6,Все категории
JulDec,EqualBlend,6,2413.172496366572,0.08986557868717603,-2034.100252890576,746,125,125,6,Все категории
JulDec,LastValue,1,2093.725806451613,0.07952170971355219,-1046.9327956989248,744,124,124,6,Все категории
JulDec,LastValue,3,2508.787634408602,0.09394178505095452,-1372.1102150537633,744,124,124,6,Все категории
JulDec,LastValue,6,3589.58,0.13122504806543256,-3057.7815013404825,746,125,125,6,Все категории
JulDec,OnlineHorizonBlend,1,1054.2976894531753,0.04164621861923097,-35.864799977017014,744,124,124,6,Все категории
JulDec,OnlineHorizonBlend,3,1787.470773276123,0.0676283212080799,-162.9039389740325,744,124,124,6,Все категории
JulDec,OnlineHorizonBlend,6,2299.3214003010676,0.0854396697830759,-1875.5160609397506,746,125,125,6,Все категории
JulDec,Prophet,1,1886.5240451797113,0.07093825140559647,-327.74968435591376,744,124,124,6,Все категории
JulDec,Prophet,3,2049.3926292403144,0.0768397011031349,-235.73281686374776,744,124,124,6,Все категории
JulDec,Prophet,6,2189.196767972943,0.08337007802605687,-614.4681038899723,746,125,125,6,Все категории
JulDec,ProphetYearly,1,1905.2994663927577,0.07121352589578071,-641.2699628863888,744,124,124,6,Все категории
JulDec,ProphetYearly,3,2034.7560003671058,0.07666268795221205,-545.6513601296668,744,124,124,6,Все категории
JulDec,ProphetYearly,6,2313.0363778880155,0.08806776000921011,-772.7647435298322,746,125,125,6,Все категории
JulDec,SharedSeasonal,1,1021.5750888128968,0.04032942114111241,120.20004535600758,744,124,124,6,Все категории
JulDec,SharedSeasonal,3,1413.8276836844595,0.05440748524464071,58.15410068173886,744,124,124,6,Все категории
JulDec,SharedSeasonal,6,3309.6383513533124,0.1195184541752402,-2430.051153441273,746,125,125,6,Все категории
All2024,ClippedEqualBlend,1,99.99947247231565,0.0748150866956099,-8.2880113571039,1491,125,125,12,Здоровье
All2024,ClippedEqualBlend,3,142.39146726596957,0.10520418744196666,-24.34796564987878,1241,125,125,10,Здоровье
All2024,ClippedEqualBlend,6,112.47315999142195,0.08895314655434446,-2.668025706493949,870,125,125,7,Здоровье
All2024,EqualBlend,1,99.99947247231565,0.0748150866956099,-8.288011357103896,1491,125,125,12,Здоровье
All2024,EqualBlend,3,142.39146726596957,0.10520418744196666,-24.347965649878773,1241,125,125,10,Здоровье
All2024,EqualBlend,6,112.47315999142191,0.08895314655434447,-2.668025706493948,870,125,125,7,Здоровье
All2024,LastValue,1,108.60999999999999,0.08156993413513751,-9.881958417169685,1491,125,125,12,Здоровье
All2024,LastValue,3,179.5904,0.13121175569256,-44.234488315874295,1241,125,125,10,Здоровье
All2024,LastValue,6,171.83942857142856,0.13067502725223018,-24.21034482758621,870,125,125,7,Здоровье
All2024,OnlineHorizonBlend,1,104.58755046408157,0.07748753332063367,3.220441611273974,1491,125,125,12,Здоровье
All2024,OnlineHorizonBlend,3,145.38987919166348,0.10601190108793478,-7.715956488420297,1241,125,125,10,Здоровье
All2024,OnlineHorizonBlend,6,113.56055579277903,0.0890580581534116,3.740819064603491,870,125,125,7,Здоровье
All2024,Prophet,1,126.7723783908935,0.09536729937553143,-19.009652588330535,1491,125,125,12,Здоровье
All2024,Prophet,3,155.0524959460732,0.11715840075391604,-21.547861104830606,1241,125,125,10,Здоровье
All2024,Prophet,6,123.02416895949774,0.09387156446750985,12.952199381269397,870,125,125,7,Здоровье
All2024,ProphetYearly,1,99.41740853668439,0.07634469975364964,5.579862550330771,1491,125,125,12,Здоровье
All2024,ProphetYearly,3,119.05498603026314,0.09380609484878376,-6.78471305686798,1241,125,125,10,Здоровье
All2024,ProphetYearly,6,133.87775798153737,0.10265452978045825,-3.397959391347168,870,125,125,7,Здоровье
All2024,SharedSeasonal,1,110.47665093815145,0.08363387192379083,4.027576934188528,1491,125,125,12,Здоровье
All2024,SharedSeasonal,3,161.9426469933755,0.11355323850507876,-7.261547528931445,1241,125,125,10,Здоровье
All2024,SharedSeasonal,6,202.1383377174706,0.13829593709179872,3.254068326834971,870,125,125,7,Здоровье
JanJun,ClippedEqualBlend,1,111.5295893312571,0.0810054421206103,-0.323674034200665,747,125,125,6,Здоровье
JanJun,ClippedEqualBlend,3,142.65879239062994,0.10469411150891905,-49.11738787308336,497,125,125,4,Здоровье
JanJun,ClippedEqualBlend,6,112.34856619964252,0.09225902272503667,29.84809053442855,124,124,124,1,Здоровье
JanJun,EqualBlend,1,111.5295893312571,0.0810054421206103,-0.3236740342006601,747,125,125,6,Здоровье
JanJun,EqualBlend,3,142.65879239062994,0.10469411150891905,-49.11738787308336,497,125,125,4,Здоровье
JanJun,EqualBlend,6,112.34856619964255,0.09225902272503668,29.848090534428543,124,124,124,1,Здоровье
JanJun,LastValue,1,121.35333333333334,0.08780472065915175,25.970548862115127,747,125,125,6,Здоровье
JanJun,LastValue,3,179.26,0.13054769303049255,12.283702213279678,497,125,125,4,Здоровье
JanJun,LastValue,6,181.49193548387098,0.14757463631579432,153.2983870967742,124,124,124,1,Здоровье
JanJun,OnlineHorizonBlend,1,115.93289868328115,0.08388592226735248,-0.027054012691324816,747,125,125,6,Здоровье
JanJun,OnlineHorizonBlend,3,160.11550752233887,0.1150855580003058,-29.86862584533708,497,125,125,4,Здоровье
JanJun,OnlineHorizonBlend,6,112.34856619964249,0.09225902272503667,29.848090534428476,124,124,124,1,Здоровье
JanJun,Prophet,1,139.9611193230977,0.10603304508168158,-15.067194731709046,747,125,125,6,Здоровье
JanJun,Prophet,3,169.90989850557665,0.13225869797213716,-42.64286169949143,497,125,125,4,Здоровье
JanJun,Prophet,6,153.86680549480437,0.1143566257409543,68.74498981051455,124,124,124,1,Здоровье
JanJun,ProphetYearly,1,118.39511344062937,0.09010092558589015,30.04538878635245,747,125,125,6,Здоровье
JanJun,ProphetYearly,3,149.96738911990812,0.1177074382512302,19.79184179233849,497,125,125,4,Здоровье
JanJun,ProphetYearly,6,265.0510025247571,0.18329472269570643,204.38494841161864,124,124,124,1,Здоровье
JanJun,SharedSeasonal,1,113.21254626985315,0.08426055682093615,-11.87437623300804,747,125,125,6,Здоровье
JanJun,SharedSeasonal,3,168.6100999528197,0.11054175476216317,-116.99300413303841,497,125,125,4,Здоровье
JanJun,SharedSeasonal,6,191.26955885692945,0.12959342953399175,-132.49910530400308,124,124,124,1,Здоровье
JulDec,ClippedEqualBlend,1,87.71637170316379,0.06771463710614566,-16.28446294340594,744,124,124,6,Здоровье
JulDec,ClippedEqualBlend,3,140.13162015195778,0.10317333399196818,-7.8017252669047465,744,124,124,6,Здоровье
JulDec,ClippedEqualBlend,6,111.74662952978683,0.08762987564814738,-8.072849317585625,746,125,125,6,Здоровье
JulDec,EqualBlend,1,87.71637170316382,0.06771463710614566,-16.284462943405934,744,124,124,6,Здоровье
JulDec,EqualBlend,3,140.13162015195772,0.10317333399196818,-7.801725266904732,744,124,124,6,Здоровье
JulDec,EqualBlend,6,111.74662952978683,0.08762987564814739,-8.07284931758562,746,125,125,6,Здоровье
JulDec,LastValue,1,95.58870967741935,0.07489371180992736,-45.87903225806452,744,124,124,6,Здоровье
JulDec,LastValue,3,178.10752688172042,0.12956926174083905,-81.98924731182795,744,124,124,6,Здоровье
JulDec,LastValue,6,169.54400000000004,0.12712837888280504,-53.715817694369974,746,125,125,6,Здоровье
JulDec,OnlineHorizonBlend,1,92.67082620468811,0.0703417560170298,6.481031975658486,744,124,124,6,Здоровье
JulDec,OnlineHorizonBlend,3,133.43761120204238,0.0975468807819773,7.082264842745884,744,124,124,6,Здоровье
JulDec,OnlineHorizonBlend,6,113.01525796470342,0.08775227251372568,-0.5987273995497232,746,125,125,6,Здоровье
JulDec,Prophet,1,111.75849461100147,0.08264896212830806,-22.968007452438403,744,124,124,6,Здоровье
JulDec,Prophet,3,141.7527338709678,0.10339891799792357,-7.456173879633791,744,124,124,6,Здоровье
JulDec,Prophet,6,117.60783167681838,0.09012976967563031,3.6783307308318567,746,125,125,6,Здоровье
JulDec,ProphetYearly,1,79.18818700480557,0.061196788625651616,-18.98431500115874,744,124,124,6,Здоровье
JulDec,ProphetYearly,3,94.51665725037431,0.07378530875163503,-24.538137465544878,744,124,124,6,Здоровье
JulDec,ProphetYearly,6,112.11723127255704,0.08920767240607198,-37.93560090283209,746,125,125,6,Здоровье
JulDec,SharedSeasonal,1,107.74399051125388,0.08281268549736515,19.993650880285077,744,124,124,6,Здоровье
JulDec,SharedSeasonal,3,156.80088435865775,0.11452982648855402,66.04024539074753,744,124,124,6,Здоровье
JulDec,SharedSeasonal,6,202.92326466123106,0.1386401419878788,25.818939010781254,746,125,125,6,Здоровье
All2024,ClippedEqualBlend,1,416.25771646051277,0.17218297128904644,-26.961085841510872,1491,125,125,12,Маркетплейсы
All2024,ClippedEqualBlend,3,493.3035794035836,0.21370924529347454,-208.73747046140736,1241,125,125,10,Маркетплейсы
All2024,ClippedEqualBlend,6,726.1794702006107,0.3134408062333273,-482.2503624899099,870,125,125,7,Маркетплейсы
All2024,EqualBlend,1,416.25771646051277,0.17218297128904644,-26.961085841510872,1491,125,125,12,Маркетплейсы
All2024,EqualBlend,3,493.30357940358357,0.21370924529347454,-208.73747046140736,1241,125,125,10,Маркетплейсы
All2024,EqualBlend,6,726.1794702006107,0.3134408062333273,-482.2503624899099,870,125,125,7,Маркетплейсы
All2024,LastValue,1,536.3186666666668,0.21768678160101587,-159.81824279007378,1491,125,125,12,Маркетплейсы
All2024,LastValue,3,749.0368000000001,0.3102016573134225,-558.4939564867043,1241,125,125,10,Маркетплейсы
All2024,LastValue,6,1163.205714285714,0.48178892844436344,-954.7620689655172,870,125,125,7,Маркетплейсы
All2024,OnlineHorizonBlend,1,424.6205211640058,0.17475802432364362,23.8405288826004,1491,125,125,12,Маркетплейсы
All2024,OnlineHorizonBlend,3,532.118114178108,0.22146194914352765,-11.655913486302108,1241,125,125,10,Маркетплейсы
All2024,OnlineHorizonBlend,6,699.1909540038168,0.3044769399017407,-451.9200864408609,870,125,125,7,Маркетплейсы
All2024,Prophet,1,536.3789611984087,0.2141629296571378,87.51997524473951,1491,125,125,12,Маркетплейсы
All2024,Prophet,3,620.8439881767711,0.2513330736889312,83.09815665650628,1241,125,125,10,Маркетплейсы
All2024,Prophet,6,812.4592884962975,0.32012033122886097,214.61066429916437,870,125,125,7,Маркетплейсы
All2024,ProphetYearly,1,545.5593410078633,0.2218799349432266,121.36628889227494,1491,125,125,12,Маркетплейсы
All2024,ProphetYearly,3,587.5471254719564,0.2508202847783796,146.6477643827198,1241,125,125,10,Маркетплейсы
All2024,ProphetYearly,6,766.1482502625197,0.31902799477279714,177.43377667526954,870,125,125,7,Маркетплейсы
All2024,SharedSeasonal,1,455.1177012852219,0.18846679785514572,-8.584989979198305,1491,125,125,12,Маркетплейсы
All2024,SharedSeasonal,3,685.8579785870405,0.2923018919427208,-150.81661155402406,1241,125,125,10,Маркетплейсы
All2024,SharedSeasonal,6,981.5047116464975,0.4157113307132826,-706.5996828033769,870,125,125,7,Маркетплейсы
JanJun,ClippedEqualBlend,1,411.3714218939789,0.16660862993446782,174.12398138749737,747,125,125,6,Маркетплейсы
JanJun,ClippedEqualBlend,3,452.6162907842423,0.19231151861376963,1.1872033204515102,497,125,125,4,Маркетплейсы
JanJun,ClippedEqualBlend,6,811.9809258133928,0.3017708535250083,734.293685068598,124,124,124,1,Маркетплейсы
JanJun,EqualBlend,1,411.37142189397895,0.1666086299344678,174.1239813874974,747,125,125,6,Маркетплейсы
JanJun,EqualBlend,3,452.6162907842423,0.1923115186137696,1.1872033204515176,497,125,125,4,Маркетплейсы
JanJun,EqualBlend,6,811.9809258133928,0.3017708535250083,734.293685068598,124,124,124,1,Маркетплейсы
JanJun,LastValue,1,549.5773333333333,0.2177611264662864,110.05622489959839,747,125,125,6,Маркетплейсы
JanJun,LastValue,3,547.38,0.22619795779674448,-126.9476861167002,497,125,125,4,Маркетплейсы
JanJun,LastValue,6,732.2822580645161,0.28010541841921976,651.7822580645161,124,124,124,1,Маркетплейсы
JanJun,OnlineHorizonBlend,1,449.3452290566582,0.17988317234932383,130.82261384751425,747,125,125,6,Маркетплейсы
JanJun,OnlineHorizonBlend,3,521.0501887117188,0.21374715831520744,128.56671886549,497,125,125,4,Маркетплейсы
JanJun,OnlineHorizonBlend,6,811.9809258133924,0.3017708535250082,734.2936850685978,124,124,124,1,Маркетплейсы
JanJun,Prophet,1,509.107570188851,0.19728514206096376,422.2662381557746,747,125,125,6,Маркетплейсы
JanJun,Prophet,3,563.7511948352935,0.22380407425996798,480.5471922983888,497,125,125,4,Маркетплейсы
JanJun,Prophet,6,1226.7362772237166,0.4439912240906715,1182.4959337660491,124,124,124,1,Маркетплейсы
JanJun,ProphetYearly,1,616.439454937479,0.24727660192880613,366.60325421362427,747,125,125,6,Маркетплейсы
JanJun,ProphetYearly,3,666.6031030417022,0.2810273018303001,487.3981105689667,497,125,125,4,Маркетплейсы
JanJun,ProphetYearly,6,1893.3612791134046,0.7096079114388759,1857.8313847046165,124,124,124,1,Маркетплейсы
JanJun,SharedSeasonal,1,494.5414167296582,0.19756866566168865,-9.950518892881021,747,125,125,6,Маркетплейсы
JanJun,SharedSeasonal,3,940.8533345092644,0.364264947879883,-350.03789622033406,497,125,125,4,Маркетплейсы
JanJun,SharedSeasonal,6,668.6605545425409,0.25214126386186025,368.60286337522973,124,124,124,1,Маркетплейсы
JulDec,ClippedEqualBlend,1,418.9060780432538,0.17499087241599134,-228.85697995450704,744,124,124,6,Маркетплейсы
JulDec,ClippedEqualBlend,3,511.16580101184644,0.21977962267579293,-348.9694098022458,744,124,124,6,Маркетплейсы
JulDec,ClippedEqualBlend,6,711.7949110462214,0.31491826922726196,-684.4641183843536,746,125,125,6,Маркетплейсы
JulDec,EqualBlend,1,418.90607804325373,0.17499087241599134,-228.85697995450707,744,124,124,6,Маркетплейсы
JulDec,EqualBlend,3,511.1658010118464,0.21977962267579293,-348.9694098022458,744,124,124,6,Маркетплейсы
JulDec,EqualBlend,6,711.7949110462214,0.31491826922726207,-684.4641183843536,746,125,125,6,Маркетплейсы
JulDec,LastValue,1,521.7486559139786,0.21524544514721497,-430.7809139784946,744,124,124,6,Маркетплейсы
JulDec,LastValue,3,879.3817204301075,0.36079529406105226,-846.7715053763441,744,124,124,6,Маркетплейсы
JulDec,LastValue,6,1234.4853333333335,0.5146452484902331,-1221.8016085790885,746,125,125,6,Маркетплейсы
JulDec,OnlineHorizonBlend,1,397.20319011376625,0.16658970975799,-83.57293545717201,744,124,124,6,Маркетплейсы
JulDec,OnlineHorizonBlend,3,530.3878702382137,0.21839932692558792,-105.3261396675396,744,124,124,6,Маркетплейсы
JulDec,OnlineHorizonBlend,6,680.3083088166285,0.3044604251737444,-649.0923487292964,746,125,125,6,Маркетплейсы
JulDec,Prophet,1,558.2402571813419,0.2254826574663974,-248.57607098448543,744,124,124,6,Маркетплейсы
JulDec,Prophet,3,649.5025891835484,0.2608900561495278,-182.40207279781566,744,124,124,6,Маркетплейсы
JulDec,Prophet,6,744.418640369841,0.2995974489818381,53.728930500379334,746,125,125,6,Маркетплейсы
JulDec,ProphetYearly,1,473.08165025801196,0.19402335639486648,-124.85953516020886,744,124,124,6,Маркетплейсы
JulDec,ProphetYearly,3,525.152856171336,0.22210389991087934,-80.97713085191022,744,124,124,6,Маркетплейсы
JulDec,ProphetYearly,6,580.5072104867805,0.2546563279646917,-101.88164342612322,746,125,125,6,Маркетплейсы
JulDec,SharedSeasonal,1,414.4583966414376,0.17739139901750087,-7.213954900541051,744,124,124,6,Маркетплейсы
JulDec,SharedSeasonal,3,505.57708158775796,0.235529723170522,-17.734651232577825,744,124,124,6,Маркетплейсы
JulDec,SharedSeasonal,6,1031.9232801683322,0.44136087653458445,-885.3196770743518,746,125,125,6,Маркетплейсы
All2024,ClippedEqualBlend,1,85.23323257164144,0.11800823952165422,-9.8811642047419,1491,125,125,12,Общественное питание
All2024,ClippedEqualBlend,3,152.20957973854837,0.19646371735534607,-43.917897014075955,1241,125,125,10,Общественное питание
All2024,ClippedEqualBlend,6,214.2783392937392,0.2882506664776356,-99.21961147785257,870,125,125,7,Общественное питание
All2024,EqualBlend,1,85.23323257164144,0.11800823952165422,-9.881164204741898,1491,125,125,12,Общественное питание
All2024,EqualBlend,3,152.20957973854837,0.19646371735534607,-43.91789701407597,1241,125,125,10,Общественное питание
All2024,EqualBlend,6,214.27833929373918,0.2882506664776356,-99.21961147785257,870,125,125,7,Общественное питание
All2024,LastValue,1,100.89933333333335,0.13031659085539576,-20.294433266264253,1491,125,125,12,Общественное питание
All2024,LastValue,3,212.18799999999996,0.24005459800453868,-71.23045930701048,1241,125,125,10,Общественное питание
All2024,LastValue,6,268.5274285714286,0.3114953484377466,-191.3425287356322,870,125,125,7,Общественное питание
All2024,OnlineHorizonBlend,1,84.00083340663434,0.11581198906385509,-13.283255320231016,1491,125,125,12,Общественное питание
All2024,OnlineHorizonBlend,3,172.58353821449802,0.22009435393491805,-75.2928497969144,1241,125,125,10,Общественное питание
All2024,OnlineHorizonBlend,6,215.76607163799838,0.29088391095463256,-97.14186907944551,870,125,125,7,Общественное питание
All2024,Prophet,1,152.71155220480512,0.18360795858650564,-12.747074783236766,1491,125,125,12,Общественное питание
All2024,Prophet,3,194.95193693139453,0.24054163688683972,-56.42173445438114,1241,125,125,10,Общественное питание
All2024,Prophet,6,223.87523059867408,0.30793066520661844,-121.17554536288701,870,125,125,7,Общественное питание
All2024,ProphetYearly,1,99.57344982934531,0.15100339930842732,-13.365267803096199,1491,125,125,12,Общественное питание
All2024,ProphetYearly,3,135.88597304287742,0.21117516053799784,-42.12313987171866,1241,125,125,10,Общественное питание
All2024,ProphetYearly,6,159.07861411416167,0.2647152615881949,-56.11680865972543,870,125,125,7,Общественное питание
All2024,SharedSeasonal,1,109.06737659263634,0.13006638651483488,3.3980154352753065,1491,125,125,12,Общественное питание
All2024,SharedSeasonal,3,236.24822983118773,0.23968175831665395,-4.101497280836254,1241,125,125,10,Общественное питание
All2024,SharedSeasonal,6,202.72181457594957,0.3095135465520424,14.859239664961448,870,125,125,7,Общественное питание
JanJun,ClippedEqualBlend,1,91.11454747635615,0.11438666274035013,-36.89674722705818,747,125,125,6,Общественное питание
JanJun,ClippedEqualBlend,3,180.09114010622338,0.20088977454215115,-155.864076506388,497,125,125,4,Общественное питание
JanJun,ClippedEqualBlend,6,253.30739117345405,0.31458925400546095,-218.42225453995198,124,124,124,1,Общественное питание
JanJun,EqualBlend,1,91.11454747635615,0.11438666274035014,-36.89674722705818,747,125,125,6,Общественное питание
JanJun,EqualBlend,3,180.09114010622338,0.20088977454215118,-155.86407650638796,497,125,125,4,Общественное питание
JanJun,EqualBlend,6,253.30739117345408,0.31458925400546095,-218.42225453995198,124,124,124,1,Общественное питание
JanJun,LastValue,1,102.87733333333333,0.12327265060900483,-60.79250334672022,747,125,125,6,Общественное питание
JanJun,LastValue,3,215.278,0.2117785614607373,-199.0,497,125,125,4,Общественное питание
JanJun,LastValue,6,381.11290322580646,0.3751588208739213,-367.43548387096774,124,124,124,1,Общественное питание
JanJun,OnlineHorizonBlend,1,91.85913739996758,0.1178365335751945,-35.40171487587232,747,125,125,6,Общественное питание
JanJun,OnlineHorizonBlend,3,187.35461079934973,0.20823720225218847,-163.46215722728917,497,125,125,4,Общественное питание
JanJun,OnlineHorizonBlend,6,253.30739117345416,0.31458925400546095,-218.4222545399521,124,124,124,1,Общественное питание
JanJun,Prophet,1,135.26796410965127,0.1583861108462212,-45.673270772760056,747,125,125,6,Общественное питание
JanJun,Prophet,3,168.169754787428,0.2037481487528941,-127.99631518805235,497,125,125,4,Общественное питание
JanJun,Prophet,6,238.53583371752262,0.29426049139270577,-192.08537881844316,124,124,124,1,Общественное питание
JanJun,ProphetYearly,1,106.73716750910874,0.15339645539390453,-19.393497610091014,747,125,125,6,Общественное питание
JanJun,ProphetYearly,3,134.90439725801633,0.20976245631617177,-73.5895720769719,497,125,125,4,Общественное питание
JanJun,ProphetYearly,6,153.21956535003864,0.26520246007686354,-15.76670689637481,124,124,124,1,Общественное питание
JanJun,SharedSeasonal,1,108.34833187133168,0.12939951018584855,-4.224467561694265,747,125,125,6,Общественное питание
JanJun,SharedSeasonal,3,210.15144047944065,0.2365076012426936,-140.59591433111154,497,125,125,4,Общественное питание
JanJun,SharedSeasonal,6,189.6588094876408,0.3248482793413945,-95.74590093044502,124,124,124,1,Общественное питание
JulDec,ClippedEqualBlend,1,79.17697454627353,0.12180349246753924,17.24335262008372,744,124,124,6,Общественное питание
JulDec,ClippedEqualBlend,3,132.5338551544271,0.19292836767436036,30.863354609148594,744,124,124,6,Общественное питание
JulDec,ClippedEqualBlend,6,207.84944128370293,0.2840210186975661,-79.4057673227583,746,125,125,6,Общественное питание
JulDec,EqualBlend,1,79.17697454627351,0.12180349246753923,17.243352620083726,744,124,124,6,Общественное питание
JulDec,EqualBlend,3,132.53385515442707,0.19292836767436033,30.863354609148583,744,124,124,6,Общественное питание
JulDec,EqualBlend,6,207.8494412837029,0.2840210186975661,-79.40576732275827,746,125,125,6,Общественное питание
JulDec,LastValue,1,98.94489247311829,0.137701369397232,20.366935483870968,744,124,124,6,Общественное питание
JulDec,LastValue,3,210.61290322580643,0.25979494128317293,14.120967741935484,744,124,124,6,Общественное питание
JulDec,LastValue,6,249.9706666666667,0.3010871442464076,-162.07238605898124,746,125,125,6,Общественное питание
JulDec,OnlineHorizonBlend,1,75.93642774838393,0.11389264905660373,8.92439157232821,744,124,124,6,Общественное питание
JulDec,OnlineHorizonBlend,3,161.8829314291232,0.22769259061716463,-16.39480437635494,744,124,124,6,Общественное питание
JulDec,OnlineHorizonBlend,6,209.585129018672,0.2870931372540625,-76.98266291710932,746,125,125,6,Общественное питание
JulDec,Prophet,1,170.46378985713122,0.20946035717659037,20.311888125599122,744,124,124,6,Общественное питание
JulDec,Prophet,3,213.14543495264638,0.26584378484744026,-8.609144905141093,744,124,124,6,Общественное питание
JulDec,Prophet,6,221.56681165481777,0.31042006441077946,-109.38892425231198,746,125,125,6,Общественное питание
JulDec,ProphetYearly,1,92.00811857755936,0.14867275296270613,-7.312730617847365,744,124,124,6,Общественное питание
JulDec,ProphetYearly,3,134.83539255618817,0.21104789481846342,-21.103224809876103,744,124,124,6,Общественное питание
JulDec,ProphetYearly,6,159.9293761219277,0.2646607321103912,-62.82379608419657,746,125,125,6,Общественное питание
JulDec,SharedSeasonal,1,109.69395698039865,0.13081892669983142,11.051234250781045,744,124,124,6,Общественное питание
JulDec,SharedSeasonal,3,251.78193287565125,0.23987494881794758,87.07824099065142,744,124,124,6,Общественное питание
JulDec,SharedSeasonal,6,204.85016238404435,0.30709202983377737,33.24400834301829,746,125,125,6,Общественное питание
All2024,ClippedEqualBlend,1,654.2707943663188,0.05780308953168667,31.94333180255506,1491,125,125,12,Продовольствие
All2024,ClippedEqualBlend,3,900.2859286165469,0.07972584904908371,-119.61248532598134,1241,125,125,10,Продовольствие
All2024,ClippedEqualBlend,6,810.5473841348405,0.07164941490585744,-102.98916036584241,870,125,125,7,Продовольствие
All2024,EqualBlend,1,654.2707943663188,0.05780308953168666,31.94333180255506,1491,125,125,12,Продовольствие
All2024,EqualBlend,3,900.2859286165469,0.0797258490490837,-119.61248532598127,1241,125,125,10,Продовольствие
All2024,EqualBlend,6,810.5473841348405,0.07164941490585745,-102.98916036584245,870,125,125,7,Продовольствие
All2024,LastValue,1,984.2280000000001,0.08636989652128536,-75.25888665325284,1491,125,125,12,Продовольствие
All2024,LastValue,3,1248.9959999999999,0.11005941713131662,-266.2884770346495,1241,125,125,10,Продовольствие
All2024,LastValue,6,1230.2319999999997,0.10737432474900951,-259.21724137931034,870,125,125,7,Продовольствие
All2024,OnlineHorizonBlend,1,550.1081460561937,0.048758201140553334,88.76464178907172,1491,125,125,12,Продовольствие
All2024,OnlineHorizonBlend,3,933.6448048460725,0.08257081458269497,14.781290203998092,1241,125,125,10,Продовольствие
All2024,OnlineHorizonBlend,6,796.1981637254488,0.07064209054599213,-57.77167039496182,870,125,125,7,Продовольствие
All2024,Prophet,1,885.6514450398872,0.07799955914032525,171.21931027734794,1491,125,125,12,Продовольствие
All2024,Prophet,3,919.5893318678201,0.08162917660054611,101.53345104596778,1241,125,125,10,Продовольствие
All2024,Prophet,6,959.8796509965873,0.0846374079279772,257.9092842290485,870,125,125,7,Продовольствие
All2024,ProphetYearly,1,1008.1765751442442,0.08842930626665096,432.28275772732746,1491,125,125,12,Продовольствие
All2024,ProphetYearly,3,1088.522111876102,0.0962224200993587,590.5312071183088,1241,125,125,10,Продовольствие
All2024,ProphetYearly,6,1414.8912731680502,0.12396602725427441,821.0642025787522,870,125,125,7,Продовольствие
All2024,SharedSeasonal,1,437.2145709084697,0.038535849767647117,-0.1304282164299178,1491,125,125,12,Продовольствие
All2024,SharedSeasonal,3,717.8134009716637,0.06334437302407411,-194.08242998926218,1241,125,125,10,Продовольствие
All2024,SharedSeasonal,6,821.3142023377051,0.07317317143600503,-307.6595239472655,870,125,125,7,Продовольствие
JanJun,ClippedEqualBlend,1,663.4071418136793,0.058439434378459,47.10151131415543,747,125,125,6,Продовольствие
JanJun,ClippedEqualBlend,3,816.6906445451522,0.07197016788125776,-516.4206002531284,497,125,125,4,Продовольствие
JanJun,ClippedEqualBlend,6,584.3175791453592,0.049957240025856095,315.1772415037024,124,124,124,1,Продовольствие
JanJun,EqualBlend,1,663.4071418136793,0.05843943437845899,47.101511314155466,747,125,125,6,Продовольствие
JanJun,EqualBlend,3,816.6906445451519,0.07197016788125776,-516.4206002531283,497,125,125,4,Продовольствие
JanJun,EqualBlend,6,584.3175791453592,0.049957240025856095,315.17724150370253,124,124,124,1,Продовольствие
JanJun,LastValue,1,1051.0706666666667,0.09194421796734722,130.89692101740295,747,125,125,6,Продовольствие
JanJun,LastValue,3,1176.31,0.1030024874088747,-592.2776659959759,497,125,125,4,Продовольствие
JanJun,LastValue,6,827.1048387096774,0.07015438747138515,781.0564516129032,124,124,124,1,Продовольствие
JanJun,OnlineHorizonBlend,1,657.617567941688,0.057931188634224334,42.01540049322206,747,125,125,6,Продовольствие
JanJun,OnlineHorizonBlend,3,811.9337138601123,0.0716943013892285,-508.27469917045426,497,125,125,4,Продовольствие
JanJun,OnlineHorizonBlend,6,584.3175791453586,0.04995724002585607,315.1772415037016,124,124,124,1,Продовольствие
JanJun,Prophet,1,707.1465626044064,0.062322919376217686,58.67066491998565,747,125,125,6,Продовольствие
JanJun,Prophet,3,527.3569613762157,0.048056717466256,-396.54355307512964,497,125,125,4,Продовольствие
JanJun,Prophet,6,526.8401906459478,0.04658906863996843,114.10988902861693,124,124,124,1,Продовольствие
JanJun,ProphetYearly,1,1193.0477932242266,0.10463256793350725,815.3441538713968,747,125,125,6,Продовольствие
JanJun,ProphetYearly,3,1361.1122255849468,0.12046058250207003,1127.793512579453,497,125,125,4,Продовольствие
JanJun,ProphetYearly,6,4348.258876382636,0.3788741690903714,4348.258876382636,124,124,124,1,Продовольствие
JanJun,SharedSeasonal,1,486.5069385496114,0.04263982171205425,-48.26305199492223,747,125,125,6,Продовольствие
JanJun,SharedSeasonal,3,868.8359847056784,0.07591460418903238,-560.4405816882794,497,125,125,4,Продовольствие
JanJun,SharedSeasonal,6,652.0583922702095,0.05641944686919969,50.36538386958685,124,124,124,1,Продовольствие
JulDec,ClippedEqualBlend,1,644.7646252215226,0.05697976183662132,16.724030599375677,744,124,124,6,Продовольствие
JulDec,ClippedEqualBlend,3,959.0013447309727,0.08503154897982507,145.4596021992768,744,124,124,6,Продовольствие
JulDec,ClippedEqualBlend,6,848.5746243136861,0.07527826564554811,-172.49671241922522,746,125,125,6,Продовольствие
JulDec,EqualBlend,1,644.7646252215226,0.056979761836621325,16.7240305993756,744,124,124,6,Продовольствие
JulDec,EqualBlend,3,959.0013447309727,0.08503154897982507,145.4596021992769,744,124,124,6,Продовольствие
JulDec,EqualBlend,6,848.5746243136862,0.07527826564554813,-172.49671241922528,746,125,125,6,Продовольствие
JulDec,LastValue,1,917.1196236559141,0.08055594018884232,-282.2459677419355,744,124,124,6,Продовольствие
JulDec,LastValue,3,1300.4247311827958,0.11481834743293365,-48.524193548387096,744,124,124,6,Продовольствие
JulDec,LastValue,6,1297.9413333333334,0.11360358598240318,-432.1313672922252,746,125,125,6,Продовольствие
JulDec,OnlineHorizonBlend,1,441.4352809489937,0.03935409308388456,135.70238809014657,744,124,124,6,Продовольствие
JulDec,OnlineHorizonBlend,3,1018.2447057920301,0.08999679113443358,364.18831536408265,744,124,124,6,Продовольствие
JulDec,OnlineHorizonBlend,6,831.8338671693958,0.07410305389237193,-119.76317853897567,746,125,125,6,Продовольствие
JulDec,Prophet,1,1066.42945939649,0.09369803110325009,284.22178081760296,744,124,124,6,Продовольствие
JulDec,Prophet,3,1186.6223304266216,0.10438678745790111,434.2542454655717,744,124,124,6,Продовольствие
JulDec,Prophet,6,1032.2483351727503,0.09098195816257523,281.8115965679943,746,125,125,6,Продовольствие
JulDec,ProphetYearly,1,818.4725021095371,0.0714744334775106,47.67675917945149,744,124,124,6,Продовольствие
JulDec,ProphetYearly,3,897.0137061491267,0.07872146820310331,231.63421005622732,744,124,124,6,Продовольствие
JulDec,ProphetYearly,6,931.4008553706271,0.08194074452536014,234.77447127622983,746,125,125,6,Продовольствие
JulDec,SharedSeasonal,1,388.3058040226013,0.034390372431635736,48.19627872245954,744,124,124,6,Продовольствие
JulDec,SharedSeasonal,3,619.4068079518954,0.05509330479146614,50.64875468064581,744,124,124,6,Продовольствие
JulDec,SharedSeasonal,6,848.8487834607241,0.07586112415053327,-367.17036653344485,746,125,125,6,Продовольствие
All2024,ClippedEqualBlend,1,108.61569500897649,0.07122391838165168,-12.96532719779325,1491,125,125,12,Транспорт
All2024,ClippedEqualBlend,3,175.19695280640263,0.11128066534048218,-68.42430742311436,1241,125,125,10,Транспорт
All2024,ClippedEqualBlend,6,227.7592694026601,0.14953113272045093,-168.5461613230222,870,125,125,7,Транспорт
All2024,EqualBlend,1,108.61569500897647,0.07122391838165168,-12.965327197793245,1491,125,125,12,Транспорт
All2024,EqualBlend,3,175.19695280640263,0.11128066534048218,-68.42430742311433,1241,125,125,10,Транспорт
All2024,EqualBlend,6,227.7592694026601,0.14953113272045093,-168.5461613230222,870,125,125,7,Транспорт
All2024,LastValue,1,124.44466666666668,0.07996793348542733,-19.718309859154928,1491,125,125,12,Транспорт
All2024,LastValue,3,204.60719999999995,0.12644557456717365,-84.76228847703464,1241,125,125,10,Транспорт
All2024,LastValue,6,271.3525714285714,0.1657987781829774,-228.0632183908046,870,125,125,7,Транспорт
All2024,OnlineHorizonBlend,1,102.05392673424716,0.06816592581560622,-18.012840653544874,1491,125,125,12,Транспорт
All2024,OnlineHorizonBlend,3,180.15002286556077,0.11772105956147302,-97.50253198441366,1241,125,125,10,Транспорт
All2024,OnlineHorizonBlend,6,230.2475177329231,0.15088584171539213,-162.25069109416228,870,125,125,7,Транспорт
All2024,Prophet,1,154.3213097477147,0.09952342718434758,-18.60367711381355,1491,125,125,12,Транспорт
All2024,Prophet,3,182.954712662159,0.12317826214248624,-71.73220610852304,1241,125,125,10,Транспорт
All2024,Prophet,6,205.82321869866664,0.14868137031612708,-151.8422915968334,870,125,125,7,Транспорт
All2024,ProphetYearly,1,130.9926333517328,0.09017528155276738,-26.552545209545634,1491,125,125,12,Транспорт
All2024,ProphetYearly,3,163.64975200935507,0.11706695245595253,-67.3756162337439,1241,125,125,10,Транспорт
All2024,ProphetYearly,6,188.25617971443148,0.1352406570420953,-89.98353585307898,870,125,125,7,Транспорт
All2024,SharedSeasonal,1,123.14668095203392,0.07814100504882424,-0.5739946204112428,1491,125,125,12,Транспорт
All2024,SharedSeasonal,3,228.17896703646304,0.13846990332933862,-48.7784276837853,1241,125,125,10,Транспорт
All2024,SharedSeasonal,6,276.6874585050856,0.17757996180082095,-125.73297398142854,870,125,125,7,Транспорт
JanJun,ClippedEqualBlend,1,121.86329386094462,0.07646078502512013,-8.435811452319308,747,125,125,6,Транспорт
JanJun,ClippedEqualBlend,3,203.35947782229772,0.12256242976131075,-121.06771755769888,497,125,125,4,Транспорт
JanJun,ClippedEqualBlend,6,151.3215862243595,0.10491326468956112,-86.15713134607897,124,124,124,1,Транспорт
JanJun,EqualBlend,1,121.86329386094462,0.07646078502512012,-8.435811452319303,747,125,125,6,Транспорт
JanJun,EqualBlend,3,203.35947782229772,0.12256242976131076,-121.06771755769888,497,125,125,4,Транспорт
JanJun,EqualBlend,6,151.3215862243595,0.10491326468956112,-86.15713134607896,124,124,124,1,Транспорт
JanJun,LastValue,1,119.73333333333333,0.0761257274734322,-26.69210174029451,747,125,125,6,Транспорт
JanJun,LastValue,3,201.268,0.11878367817873577,-142.54124748490946,497,125,125,4,Транспорт
JanJun,LastValue,6,203.09677419354838,0.12053620083005653,-163.70967741935485,124,124,124,1,Транспорт
JanJun,OnlineHorizonBlend,1,121.49159196829699,0.07723616518453218,-21.31435089880103,747,125,125,6,Транспорт
JanJun,OnlineHorizonBlend,3,195.96256186467417,0.11984192336897542,-117.08799896204889,497,125,125,4,Транспорт
JanJun,OnlineHorizonBlend,6,151.32158622435955,0.10491326468956112,-86.15713134607904,124,124,124,1,Транспорт
JanJun,Prophet,1,155.32532632128243,0.09705681383435784,16.001739963090596,747,125,125,6,Транспорт
JanJun,Prophet,3,172.87445842127602,0.11436124123188192,-38.62819504038971,497,125,125,4,Транспорт
JanJun,Prophet,6,180.03249489562066,0.12960297609009308,-26.06131681628699,124,124,124,1,Транспорт
JanJun,ProphetYearly,1,138.2302144989373,0.09615812356908747,4.979758149128101,747,125,125,6,Транспорт
JanJun,ProphetYearly,3,174.8708554793254,0.12648879356049325,-41.51817452359656,497,125,125,4,Транспорт
JanJun,ProphetYearly,6,217.87956967985014,0.1354257900520135,122.72336303601153,124,124,124,1,Транспорт
JanJun,SharedSeasonal,1,140.0875361707517,0.08706176361005455,-14.617072579753986,747,125,125,6,Транспорт
JanJun,SharedSeasonal,3,286.54704307365483,0.1676967361784192,-182.03371014779745,497,125,125,4,Транспорт
JanJun,SharedSeasonal,6,187.06869112837666,0.12734343246961108,-68.70039980259502,124,124,124,1,Транспорт
JulDec,ClippedEqualBlend,1,94.74869249478286,0.06558039455508116,-17.513107119660226,744,124,124,6,Транспорт
JulDec,ClippedEqualBlend,3,154.67365891711614,0.10256127303504178,-33.257943395038374,744,124,124,6,Транспорт
JulDec,ClippedEqualBlend,6,240.33441113022315,0.15685970552445985,-182.2408526328626,746,125,125,6,Транспорт
JulDec,EqualBlend,1,94.74869249478287,0.06558039455508116,-17.513107119660223,744,124,124,6,Транспорт
JulDec,EqualBlend,3,154.67365891711617,0.10256127303504178,-33.25794339503836,744,124,124,6,Транспорт
JulDec,EqualBlend,6,240.33441113022315,0.15685970552445985,-182.2408526328626,746,125,125,6,Транспорт
JulDec,LastValue,1,128.59274193548387,0.08340094407503965,-12.716397849462366,744,124,124,6,Транспорт
JulDec,LastValue,3,205.5900537634409,0.1306460027916705,-46.16532258064516,744,124,124,6,Транспорт
JulDec,LastValue,6,282.596,0.17323054922570805,-238.76005361930294,746,125,125,6,Транспорт
JulDec,OnlineHorizonBlend,1,81.99675376147763,0.05870291506209828,-14.698017866977194,744,124,124,6,Транспорт
JulDec,OnlineHorizonBlend,3,167.96639487512627,0.11521012514849097,-84.41922944693422,744,124,124,6,Транспорт
JulDec,OnlineHorizonBlend,6,243.23736751552985,0.15844019935189127,-174.89895035523776,746,125,125,6,Транспорт
JulDec,Prophet,1,152.70941425735592,0.10156554376829026,-53.34863216280199,744,124,124,6,Транспорт
JulDec,Prophet,3,188.5237914163381,0.1282845258726468,-93.84604145914437,744,124,124,6,Транспорт
JulDec,Prophet,6,210.21031083466542,0.15193153670413526,-172.74958499199124,746,125,125,6,Транспорт
JulDec,ProphetYearly,1,122.51372028416957,0.08335730904148228,-58.21199495273016,744,124,124,6,Транспорт
JulDec,ProphetYearly,3,153.70421153372777,0.10916108368777558,-84.64866533312996,744,124,124,6,Транспорт
JulDec,ProphetYearly,6,183.49567554961288,0.1353134398508957,-125.33964237083667,746,125,125,6,Транспорт
JulDec,SharedSeasonal,1,105.34811245314185,0.06861943988374344,13.525708653283697,744,124,124,6,Транспорт
JulDec,SharedSeasonal,3,187.35604633668893,0.11762089375987742,40.23753385467446,744,124,124,6,Транспорт
JulDec,SharedSeasonal,6,291.3293803957192,0.18575471600545299,-135.21291928729363,746,125,125,6,Транспорт
