period,method,horizon,native_macro_MAE,macro_scaled_MAE,bias,pairs,series,territories,origins
All2024,ClippedEqualBlend,1,490.7404000988508,0.09248647368630819,-26.890873548421048,8946,750,125,12
All2024,ClippedEqualBlend,3,642.9718146764213,0.13035505756312984,-226.62232387809325,7446,750,125,10
All2024,ClippedEqualBlend,6,733.0882590562139,0.16627318092900442,-419.369377353047,5220,750,125,7
All2024,EqualBlend,1,490.7404000988508,0.09248647368630819,-26.890873548421066,8946,750,125,12
All2024,EqualBlend,3,642.9718146764213,0.13035505756312984,-226.6223238780932,7446,750,125,10
All2024,EqualBlend,6,733.088259056214,0.16627318092900442,-419.369377353047,5220,750,125,7
All2024,LastValue,1,697.2923333333333,0.11402093279286836,-115.02135032416723,8946,750,125,12
All2024,LastValue,3,863.0274666666668,0.16912268419380916,-413.80016116035455,7446,750,125,10
All2024,LastValue,6,1072.903238095238,0.21990392386987923,-680.7879310344828,5220,750,125,7
All2024,OnlineHorizonBlend,1,454.362440525833,0.09022189678035833,14.635164014520472,8946,750,125,12
All2024,OnlineHorizonBlend,3,651.0551304378778,0.13690595727665758,-130.43385234699883,7446,750,125,10
All2024,OnlineHorizonBlend,6,710.7780900727575,0.16466118729167756,-381.6508421865276,5220,750,125,7
All2024,Prophet,1,619.0756720282883,0.12340664534156925,46.670930294244734,8946,750,125,12
All2024,Prophet,3,639.9495872188589,0.1469488747332381,-53.60121257709302,7446,750,125,10
All2024,Prophet,6,755.1497269864188,0.1730104667212231,-23.85423417799277,5220,750,125,7
All2024,ProphetYearly,1,713.1164121137131,0.11971709486915615,175.04010696202934,8946,750,125,12
All2024,ProphetYearly,3,767.2561720080744,0.144247340032721,191.46927426843308,7446,750,125,10
All2024,ProphetYearly,6,996.786060349954,0.17843122443166926,254.68047214434407,5220,750,125,7
All2024,SharedSeasonal,1,427.81618735227255,0.09507018734835068,-12.322200615340584,8946,750,125,12
All2024,SharedSeasonal,3,701.9566645667884,0.15482075734770698,-212.46559789683207,7446,750,125,10
All2024,SharedSeasonal,6,928.361548634869,0.20440684299180498,-553.4659668466657,5220,750,125,7
JanJun,ClippedEqualBlend,1,522.3969608093148,0.09386662124849231,53.70128093238115,4482,750,125,6
JanJun,ClippedEqualBlend,3,672.7634096171914,0.12939232235363457,-383.67190279608405,2982,750,125,4
JanJun,ClippedEqualBlend,6,595.4611448235033,0.15403755346449335,226.92761119723954,744,744,124,1
JanJun,EqualBlend,1,522.3969608093148,0.09386662124849231,53.7012809323811,4482,750,125,6
JanJun,EqualBlend,3,672.7634096171914,0.12939232235363457,-383.671902796084,2982,750,125,4
JanJun,EqualBlend,6,595.4611448235033,0.15403755346449338,226.92761119723963,744,744,124,1
JanJun,LastValue,1,750.6317777777779,0.11556083525312237,68.9136546184739,4482,750,125,6
JanJun,LastValue,3,830.3043333333334,0.14822047435078056,-439.08953722334,2982,750,125,4
JanJun,LastValue,6,683.885752688172,0.17692954249444323,403.6545698924731,744,744,124,1
JanJun,OnlineHorizonBlend,1,549.3028808846052,0.09789549389567329,26.394236026594534,4482,750,125,6
JanJun,OnlineHorizonBlend,3,669.24111123971,0.1348545151860894,-326.2464643111258,2982,750,125,4
JanJun,OnlineHorizonBlend,6,595.4611448235031,0.15403755346449335,226.92761119723892,744,744,124,1
JanJun,Prophet,1,578.0655923390859,0.11484884054827166,150.93954363354896,4482,750,125,6
JanJun,Prophet,3,487.1569618762755,0.12921938557937607,-110.440435126003,2982,750,125,4
JanJun,Prophet,6,773.9829620815148,0.18477684296305694,391.52172455758074,744,744,124,1
JanJun,ProphetYearly,1,840.318312529655,0.13339353008039792,482.6667471630619,4482,750,125,6
JanJun,ProphetYearly,3,941.5704202500043,0.16305723129044428,609.1521602119298,2982,750,125,4
JanJun,ProphetYearly,6,2715.226293078802,0.3368412804252446,2655.169888510106,744,744,124,1
JanJun,SharedSeasonal,1,496.61367749806897,0.10057138893750997,-58.74935545487955,4482,750,125,6
JanJun,SharedSeasonal,3,960.4737898318907,0.1791426135475446,-601.4857360389088,2982,750,125,4
JanJun,SharedSeasonal,6,599.1290830400044,0.15941407176384842,-114.39346085833532,744,744,124,1
JulDec,ClippedEqualBlend,1,457.3472891994958,0.09035424147544278,-107.80799639406516,4464,744,124,6
JulDec,ClippedEqualBlend,3,617.2837388094198,0.1287436185691785,-121.71151645572573,4464,744,124,6
JulDec,ClippedEqualBlend,6,755.5787522783655,0.1680954522383599,-526.7967588278935,4476,750,125,6
JulDec,EqualBlend,1,457.3472891994957,0.09035424147544278,-107.80799639406514,4464,744,124,6
JulDec,EqualBlend,3,617.2837388094198,0.1287436185691785,-121.7115164557257,4464,744,124,6
JulDec,EqualBlend,6,755.5787522783655,0.16809545223835995,-526.7967588278937,4476,750,125,6
JulDec,LastValue,1,642.6200716845879,0.11188652005530142,-299.69802867383515,4464,744,124,6
JulDec,LastValue,3,880.484094982079,0.1815942720601038,-396.9065860215054,4464,744,124,6
JulDec,LastValue,6,1137.3528888888889,0.2268199924821649,-861.0437890974084,4476,750,125,6
JulDec,OnlineHorizonBlend,1,357.2566947050808,0.08175455693280623,2.8286763894945213,4464,744,124,6
JulDec,OnlineHorizonBlend,3,633.2317144687764,0.13607900596928904,0.3710779569945605,4464,744,124,6
JulDec,OnlineHorizonBlend,6,729.5502217976664,0.16621479299481193,-482.8086548133199,4476,750,125,6
JulDec,Prophet,1,657.6875767471719,0.1306323005080721,-58.018121002072924,4464,744,124,6
JulDec,Prophet,3,738.156584848406,0.15660729557142908,-15.63200073998519,4464,744,124,6
JulDec,Prophet,6,752.5414496136392,0.17107180932683586,-92.89795922251167,4476,750,125,6
JulDec,ProphetYearly,1,581.7606074378068,0.1049896943996663,-133.82696323981378,4464,744,124,6
JulDec,ProphetYearly,3,639.9964706713098,0.12858039055401144,-87.54738475565011,4464,744,124,6
JulDec,ProphetYearly,6,713.4144544482534,0.15230777947777013,-144.32849250626518,4476,750,125,6
JulDec,SharedSeasonal,1,357.8542249036217,0.08906037411186482,34.29216049371265,4464,744,124,6
JulDec,SharedSeasonal,3,522.4584061325186,0.13617603037883463,47.40403739431337,4464,744,124,6
JulDec,SharedSeasonal,6,981.5855370705605,0.21137122378124454,-626.4485281637607,4476,750,125,6
