prefix_n,horizon,training_pairs,training_series,training_territories,max_training_target,solver_status,LastValue,Prophet,SharedSeasonal,training_uniform_native_MAE,loss_scale,objective
12,1,0,0,0,,PRIOR_NO_MATURE_LABELS,0.3333333333333333,0.3333333333333333,0.3333333333333333,,,
12,3,0,0,0,,PRIOR_NO_MATURE_LABELS,0.3333333333333333,0.3333333333333333,0.3333333333333333,,,
12,6,0,0,0,,PRIOR_NO_MATURE_LABELS,0.3333333333333333,0.3333333333333333,0.3333333333333333,,,
13,1,756,756,126,12.0,OPTIMAL,0.0,0.0,1.0,1444.665236277873,1444.665236277873,0.767771249129129
13,3,0,0,0,,PRIOR_NO_MATURE_LABELS,0.3333333333333333,0.3333333333333333,0.3333333333333333,,,
13,6,0,0,0,,PRIOR_NO_MATURE_LABELS,0.3333333333333333,0.3333333333333333,0.3333333333333333,,,
14,1,1512,756,126,13.0,OPTIMAL,0.0,0.34388362044668613,0.6561163795533138,893.1389101209924,893.1389101209924,0.8118743291988001
14,3,0,0,0,,PRIOR_NO_MATURE_LABELS,0.3333333333333333,0.3333333333333333,0.3333333333333333,,,
14,6,0,0,0,,PRIOR_NO_MATURE_LABELS,0.3333333333333333,0.3333333333333333,0.3333333333333333,,,
15,1,2268,756,126,14.0,OPTIMAL,0.0,0.3333333333333333,0.6666666666666667,770.005743924263,770.005743924263,0.7959096631639956
15,3,756,756,126,14.0,OPTIMAL,0.27902656809019954,0.7209734319098005,0.0,545.5357535225564,545.5357535225564,0.8904067644641752
15,6,0,0,0,,PRIOR_NO_MATURE_LABELS,0.3333333333333333,0.3333333333333333,0.3333333333333333,,,
16,1,3024,756,126,15.0,OPTIMAL,0.0,0.44006862217317294,0.5599313778268271,642.1086138108662,642.1086138108662,0.8834569599395246
16,3,1512,756,126,15.0,OPTIMAL,0.0,0.8924494541324384,0.10755054586756169,728.0317781213139,728.0317781213139,0.6979595318986348
16,6,0,0,0,,PRIOR_NO_MATURE_LABELS,0.3333333333333333,0.3333333333333333,0.3333333333333333,,,
17,1,3780,756,126,16.0,OPTIMAL,0.0,0.4078132227085642,0.5921867772914358,567.8724059862367,567.8724059862367,0.8943162798211018
17,3,2268,756,126,16.0,OPTIMAL,0.0,0.8905055484800447,0.1094944515199553,714.25521646704,714.25521646704,0.7416831991904175
17,6,0,0,0,,PRIOR_NO_MATURE_LABELS,0.3333333333333333,0.3333333333333333,0.3333333333333333,,,
18,1,4536,756,126,17.0,OPTIMAL,0.0,0.39348304931888983,0.6065169506811101,524.0455549476077,524.0455549476077,0.9039512945913242
18,3,3024,756,126,17.0,OPTIMAL,0.06447085063792807,0.8572671492976031,0.07826200006446891,668.7083010701651,668.7083010701651,0.8055428734947191
18,6,756,756,126,17.0,OPTIMAL,0.3333333333333333,0.1713655940818205,0.4953010725848462,545.2776702566094,545.2776702566094,0.9846617912633074
19,1,5292,756,126,18.0,OPTIMAL,0.0,0.39348304931888983,0.6065169506811101,484.98139592689665,484.98139592689665,0.9157611509957312
19,3,3780,756,126,18.0,OPTIMAL,0.0,0.7981823203200527,0.20181767967994735,630.6029598386849,630.6029598386849,0.855222154932094
20,1,6048,756,126,19.0,OPTIMAL,0.0,0.3863053650332111,0.6136946349667889,462.4474410227422,462.4474410227422,0.9221070614889575
20,3,4536,756,126,19.0,OPTIMAL,0.0,0.7553463519461039,0.2446536480538961,604.7484230452991,604.7484230452991,0.8722666775826529
21,1,6804,756,126,20.0,OPTIMAL,0.0,0.3333333333333333,0.6666666666666667,472.3718015428851,472.3718015428851,0.9048030728711339
21,3,5292,756,126,20.0,OPTIMAL,0.0,0.7290144868887003,0.27098551311129965,610.7872210798778,610.7872210798778,0.9128459949023026
22,1,7554,756,126,21.0,OPTIMAL,0.0,0.3340947179843054,0.6659052820156945,452.47149339370986,452.47149339370986,0.9036480128783692
23,1,8304,756,126,22.0,OPTIMAL,0.0,0.3333333333333333,0.6666666666666667,435.55268284824734,435.55268284824734,0.914207731946694
