split,detector,mean,sum,count
calibration,BOCPD,0.09955555555555555,448,4500
calibration,EWMA,0.09666666666666666,435,4500
calibration,NoAlarm,0.0,0,4500
calibration,PrefixPELT,0.088,396,4500
calibration,ResetCUSUM,0.08244444444444445,371,4500
calibration,Shewhart,0.062,279,4500
holdout,BOCPD,0.019455690508322087,173,8892
holdout,EWMA,0.31657669815564554,2815,8892
holdout,NoAlarm,0.0,0,8892
holdout,PrefixPELT,0.1867971210076473,1661,8892
holdout,ResetCUSUM,0.2086144849302744,1855,8892
holdout,Shewhart,0.17510121457489877,1557,8892
