split,method,horizon,coverage80,normalized_width,pairs,pinball10,pinball90
diagnostic_h12,Chronos2CalendarCross,12,0.5809906291834003,0.7664383427405772,1494,416.75306948257423,364.4591149238937
diagnostic_h12,Chronos2Plain,12,0.8145917001338688,1.0810943996132298,1494,450.99234392782313,302.22223480735596
holdout,Chronos2CalendarCross,1,0.7455197132616488,0.3503187932708304,8928,139.4929735707009,203.85496695285136
holdout,Chronos2CalendarCross,3,0.7084592145015106,0.4738248416684385,5958,189.05083754589472,291.714010498889
holdout,Chronos2CalendarCross,6,0.31376518218623484,0.5349977852201011,1482,370.14561942455015,618.7442041935527
holdout,Chronos2Plain,1,0.8270609318996416,0.4405199385925754,8928,151.39482428952735,203.14170388643294
holdout,Chronos2Plain,3,0.8076535750251762,0.6264503787191332,5958,204.70923247587595,267.8684000934174
holdout,Chronos2Plain,6,0.6720647773279352,0.7138863243715644,1482,382.54735684757514,333.90159525171066
validation,Chronos2CalendarCross,1,0.7171111111111111,0.3361381079951922,4500,155.81185414479907,130.3610591250645
validation,Chronos2CalendarCross,3,0.7436666666666667,0.4692412625551224,3000,196.30881905127265,150.04994333424173
validation,Chronos2CalendarCross,6,0.8706666666666667,0.7035711855491003,750,230.70062956522506,198.99040726346576
validation,Chronos2Plain,1,0.8324444444444444,0.4080306282209025,4500,159.07348732957675,129.48649404137117
validation,Chronos2Plain,3,0.887,0.6087886942426364,3000,214.07237269620697,132.55553091015022
validation,Chronos2Plain,6,0.9,0.9196394055684407,750,246.78576928870677,272.42132418809337
