split,method,horizon,MAE,bias,macro_scaled_MAE,MASE1,WAPE,forecast_pairs,series,origins
validation,Chronos2CalendarCross,1,736.2059994458358,-304.0546501079864,0.1286172285891667,1.4036076773564585,0.08934520756784502,4500,750,6
validation,Chronos2CalendarCross,3,956.0619445044597,-914.7050883441667,0.17735608337235786,1.9741255956620334,0.11099759878807527,3000,750,4
validation,Chronos2CalendarCross,6,968.0015570464928,-914.109045842886,0.19081555374956952,2.114381990836775,0.11018383335387813,750,750,1
validation,Chronos2Plain,1,711.7924037831575,-231.3611230775565,0.12238181436070575,1.3554610352361112,0.08638239855297511,4500,750,6
validation,Chronos2Plain,3,920.771031170388,-808.178168152521,0.1645560499314551,1.902956821762451,0.1069003677857992,3000,750,4
validation,Chronos2Plain,6,952.629858938237,-640.7702086007794,0.2172177841636949,2.365768125548382,0.10843413304565348,750,750,1
validation,EqualBlend,1,516.2709094046609,43.93367234700872,0.09839711547239445,1.0730120135096932,0.06265410985066708,4500,750,6
validation,EqualBlend,3,632.0046250019639,-370.441333607918,0.13024843186364563,1.451608405027795,0.07337494835079561,3000,750,4
validation,EqualBlend,6,515.3595166779888,183.81529759447264,0.16106500516467046,1.5233041358124058,0.058661359260866734,750,750,1
validation,GlobalLightGBM,1,880.6048168647393,288.89987802766626,0.14347629154878183,1.6232290960786817,0.10686930045021016,4500,750,6
validation,GlobalLightGBM,3,848.6511576431012,-625.0690031600259,0.16532496164819474,1.8708735387132445,0.09852734046006699,3000,750,4
validation,GlobalLightGBM,6,2000.9723970049772,1860.7060303669346,0.4079427295970258,4.335201421363636,0.2277628662189405,750,750,1
validation,LastValue,1,734.9757777777778,60.94511111111111,0.12132347011541605,1.354692276206642,0.08919590912370053,4500,750,6
validation,LastValue,3,791.6453333333334,-421.868,0.1503806405159283,1.7206705091652954,0.09190903538926035,3000,750,4
validation,LastValue,6,618.236,365.67066666666665,0.18173019720309735,1.8829813962056656,0.07037138721678361,750,750,1
validation,Prophet,1,548.2314374250507,131.42114944962512,0.11616856354476825,1.2604555527797874,0.06653280686224955,4500,750,6
validation,Prophet,3,459.1407605214327,-119.98742144892225,0.12935819036683668,1.3369982367643036,0.0533056693831955,3000,750,4
validation,Prophet,6,643.1978456127581,324.65695991164836,0.18151470447446627,1.8031085902885706,0.07321269652788968,750,750,1
validation,ProphetYearly,1,816.1826443156051,456.02639660248684,0.1376389414304129,1.521908874167492,0.09905109143981568,4500,750,6
validation,ProphetYearly,3,926.3951052654054,562.9428020237921,0.16671541532875062,1.8421604862163155,0.10755331577054165,3000,750,4
validation,ProphetYearly,6,2615.97084135339,2546.0072592647357,0.34130569839446623,3.9959129479682556,0.29776573513139737,750,750,1
validation,SharedSeasonal,1,489.63304781541893,-60.1684819964032,0.10444596996025936,1.1086057386369101,0.05942136619651889,4500,750,6
validation,SharedSeasonal,3,893.4646109745898,-569.1020958026846,0.17900558680889447,1.9397552158805125,0.10373012647386957,3000,750,4
validation,SharedSeasonal,6,568.4753073055341,-138.4731360661103,0.17827626449420358,1.6061817847457514,0.0647073220802053,750,750,1
validation,SharedSeasonalHalf,1,584.3926223223872,41.01752028684287,0.10928968017289954,1.1730630127731994,0.07092129129864873,4500,750,6
validation,SharedSeasonalHalf,3,840.9462408162043,-365.9025280363273,0.17147273079464806,1.8412997046269879,0.09763280923061755,3000,750,4
validation,SharedSeasonalHalf,6,855.8274924158783,488.16818935232516,0.2541219672666517,2.312745361092574,0.09741549806152781,750,750,1
validation,ThetaLite,1,551.7231318761296,-148.1087579272096,0.10661293338050139,1.1965559298488544,0.06695655533174039,4500,750,6
validation,ThetaLite,3,590.2986417690144,-515.4653757979621,0.12396628334791886,1.3933391184874766,0.06853293573794914,3000,750,4
validation,ThetaLite,6,507.80095287251044,-347.60230421491315,0.14123044154826456,1.4741374606527466,0.05780099748905453,750,750,1
holdout,Chronos2CalendarCross,1,615.8705563422352,-419.80872608670853,0.12097089000204636,1.2656761031894777,0.06761471013623054,8928,1494,6
holdout,Chronos2CalendarCross,3,832.1251716091504,-624.2208974465913,0.17662680498089214,1.8112358158711093,0.09106441237993808,5958,1494,4
holdout,Chronos2CalendarCross,6,2339.012921699186,-2326.2773344188968,0.4095105777231078,4.244692826404566,0.22438764949391937,1482,1482,1
holdout,Chronos2Plain,1,619.6456327728032,-344.03869789481615,0.12900355097456528,1.288591771578554,0.06802916524528942,8928,1494,6
holdout,Chronos2Plain,3,874.2369391730605,-495.6543597396027,0.20026000093940202,1.9915164575259625,0.09567295385702401,5958,1494,4
holdout,Chronos2Plain,6,2173.7603437403436,-2153.443220711792,0.4064322377944482,4.059622451992468,0.20853453590185855,1482,1482,1
holdout,EqualBlend,1,453.2979700910218,-108.0812526804863,0.10534203828135334,1.005866897451331,0.04976631946017947,8928,1494,6
holdout,EqualBlend,3,699.8786835187535,-41.789767616631174,0.14833855173735577,1.4702913971373852,0.07659189173262489,5958,1494,4
holdout,EqualBlend,6,900.6922075409485,-761.0497773342247,0.20412247476597023,1.9487450064528886,0.0864057677889113,1482,1482,1
holdout,GlobalLightGBM,1,463.1563975669839,-91.40149080638878,0.10421105497154344,1.042791396814716,0.05084864870830124,8928,1494,6
holdout,GlobalLightGBM,3,708.6111740482734,-428.3942232205018,0.14981100373523812,1.489200231277745,0.07754754016848017,5958,1494,4
holdout,GlobalLightGBM,6,1170.7392722007492,-1079.934888861915,0.20643345758785012,2.0600167776099783,0.11231209157600927,1482,1482,1
holdout,LastValue,1,630.4827508960574,-278.0864695340502,0.12759850046787422,1.2880285187355165,0.06921894220908492,8928,1494,6
holdout,LastValue,3,990.5422960725075,-315.19553541456867,0.2094698116437501,2.120966576985112,0.10840094159738509,5958,1494,4
holdout,LastValue,6,1724.3690958164643,-1658.219298245614,0.3331043939580641,3.302527985354677,0.16542325383526596,1482,1482,1
holdout,Prophet,1,646.961130240406,-96.34860345672804,0.15017662226297918,1.4949351628773762,0.07102805750353948,8928,1494,6
holdout,Prophet,3,807.3609153519508,29.576677079143916,0.1663037272852815,1.7271680766244637,0.08835431236009716,5958,1494,4
holdout,Prophet,6,1214.4452293371803,-1156.4036916071243,0.22986725370087369,2.331543228323856,0.11650491877236413,1482,1482,1
holdout,ProphetYearly,1,574.3108346059125,-177.63545953549783,0.12274343943265763,1.228506547048298,0.06305198423611082,8928,1494,6
holdout,ProphetYearly,3,732.794891182179,-85.48685503283808,0.15310112853300845,1.568288831646999,0.08019410833526573,5958,1494,4
holdout,ProphetYearly,6,1287.589403334557,-1248.661938277014,0.21765873565723654,2.296968985204155,0.12352183138758926,1482,1482,1
holdout,SharedSeasonal,1,352.18938429062996,50.1913149493194,0.1024701898225302,0.9550259759927737,0.03866588991248287,8928,1494,6
holdout,SharedSeasonal,3,560.1589717048881,160.2495554855311,0.15765974732132954,1.4584833101017232,0.0613015317142884,5958,1494,4
holdout,SharedSeasonal,6,794.5413481823296,531.4736578500642,0.2030497820155718,2.0562342165025824,0.07622243720434285,1482,1482,1
holdout,SharedSeasonalHalf,1,471.66900229002056,-71.87273430401878,0.11070315070965565,1.0739113471959605,0.05178322383114992,8928,1494,6
holdout,SharedSeasonalHalf,3,848.6288146086358,86.92517061295915,0.19285934297786203,1.89076481641523,0.09287050430354875,5958,1494,4
holdout,SharedSeasonalHalf,6,772.3925629341793,-59.457625637702606,0.2351865016403193,2.2473418989799563,0.07409764609486595,1482,1482,1
holdout,ThetaLite,1,673.7269505922444,-365.8577826099175,0.15648227311861646,1.5165782914961858,0.07396660224481838,8928,1494,6
holdout,ThetaLite,3,786.347449470928,-338.20524815093245,0.1792145860278908,1.770433757444823,0.08605468366502865,5958,1494,4
holdout,ThetaLite,6,1699.1422096460963,-1674.4538073525393,0.29322843469374893,2.9773580507972714,0.16300317242429735,1482,1482,1
diagnostic_h12,Chronos2CalendarCross,12,2842.1926261041976,-2822.8099228030587,0.4606953308591147,4.953159149615704,0.2728686219794248,1494,1494,1
diagnostic_h12,Chronos2Plain,12,2764.8998954134336,-2730.70893478994,0.4654420863916187,4.947874595466771,0.2654480267956547,1494,1494,1
diagnostic_h12,EqualBlend,12,976.2715930676433,-882.4642788012301,0.22105917351333793,2.1777894342328294,0.09372830040839719,1494,1494,1
diagnostic_h12,GlobalLightGBM,12,1384.7550304302354,479.6777120050524,0.3548771124837276,3.5278989885013816,0.13294531604302395,1494,1494,1
diagnostic_h12,LastValue,12,1389.995983935743,-1339.9250334672022,0.29488148166553874,2.9323288060631296,0.13344848101072226,1494,1494,1
diagnostic_h12,Prophet,12,934.8137188041586,-611.2783568075256,0.2459833495363502,2.467523810041617,0.08974808002622715,1494,1494,1
diagnostic_h12,ProphetYearly,12,2518.2151212334456,2347.602059357205,0.36209616142791434,4.1304452969598255,0.24176471491328438,1494,1494,1
diagnostic_h12,SharedSeasonal,12,916.6820107678332,-696.032165018853,0.2325638852510544,2.1303407094904974,0.08800732039559402,1494,1494,1
diagnostic_h12,SharedSeasonalHalf,12,835.3719957633797,-496.89085314265867,0.23108490429362433,2.1369994986567162,0.08020104029212217,1494,1494,1
diagnostic_h12,ThetaLite,12,1677.5577605783035,-1646.5734832861874,0.3082483970157533,3.172526215845756,0.16105624587709058,1494,1494,1
