split,detector,kind,paired_gain,additional_hit,penalized_delay,cases
calibration,BOCPD,ramp,0.05644444444444444,0.09755555555555556,3.716222222222222,4500
calibration,BOCPD,spike,0.08711111111111111,0.136,3.4753333333333334,4500
calibration,BOCPD,step,0.1228888888888889,0.17644444444444443,3.358888888888889,4500
calibration,EWMA,ramp,0.39444444444444443,0.6264444444444445,2.6604444444444444,4500
calibration,EWMA,spike,0.14133333333333334,0.30577777777777776,2.9675555555555557,4500
calibration,EWMA,step,0.4766666666666667,0.7242222222222222,1.9255555555555555,4500
calibration,NoAlarm,ramp,0.0,0.0,4.0,4500
calibration,NoAlarm,spike,0.0,0.0,4.0,4500
calibration,NoAlarm,step,0.0,0.0,4.0,4500
calibration,PrefixPELT,ramp,0.24822222222222223,0.5004444444444445,2.7655555555555558,4500
calibration,PrefixPELT,spike,0.15977777777777777,0.4335555555555556,2.5995555555555554,4500
calibration,PrefixPELT,step,0.2877777777777778,0.5935555555555555,2.117777777777778,4500
calibration,ResetCUSUM,ramp,0.31977777777777777,0.6304444444444445,2.613777777777778,4500
calibration,ResetCUSUM,spike,0.13444444444444445,0.39466666666666667,2.7175555555555557,4500
calibration,ResetCUSUM,step,0.4066666666666667,0.7364444444444445,1.8106666666666666,4500
calibration,Shewhart,ramp,0.3473333333333333,0.43577777777777776,2.9393333333333334,4500
calibration,Shewhart,spike,0.30666666666666664,0.3466666666666667,2.6133333333333333,4500
calibration,Shewhart,step,0.45311111111111113,0.5537777777777778,2.164888888888889,4500
holdout,BOCPD,ramp,0.048358074673864146,0.10245164192532613,3.733693207377418,8892
holdout,BOCPD,spike,0.08513270355375618,0.14901034637876742,3.524403958614485,8892
holdout,BOCPD,step,0.146536212325686,0.21390013495276652,3.322649572649573,8892
holdout,EWMA,ramp,0.2149122807017544,0.5705128205128205,2.7519118308591994,8892
holdout,EWMA,spike,0.06905083220872694,0.2971210076473234,3.0030364372469633,8892
holdout,EWMA,step,0.26338281601439495,0.6826360773729194,2.092442645074224,8892
holdout,NoAlarm,ramp,0.0,0.0,4.0,8892
holdout,NoAlarm,spike,0.0,0.0,4.0,8892
holdout,NoAlarm,step,0.0,0.0,4.0,8892
holdout,PrefixPELT,ramp,0.12291947818263607,0.4713225371120108,2.9213900134952766,8892
holdout,PrefixPELT,spike,0.06972559604138552,0.4251012145748988,2.781264057579847,8892
holdout,PrefixPELT,step,0.14957264957264957,0.5560053981106613,2.4069950517318937,8892
holdout,ResetCUSUM,ramp,0.22739541160593793,0.5849077822762033,2.7034412955465585,8892
holdout,ResetCUSUM,spike,0.11122357174988753,0.355825461088619,2.801169590643275,8892
holdout,ResetCUSUM,step,0.3006072874493927,0.7142375168690959,1.902046783625731,8892
holdout,Shewhart,ramp,0.14439946018893388,0.4023841655420603,3.0435222672064777,8892
holdout,Shewhart,spike,0.1329284750337382,0.30038236617183983,2.7984705353126405,8892
holdout,Shewhart,step,0.22143499775078723,0.5272154745838956,2.25314889788574,8892
